﻿{
	"name": "Chart",
	"version": "17.0.0.1800",
	"description": "nexacro chart",
	"license": "http://www.nexacro.co.kr/legal/nexacrochart-public-license-readme-1.0.html",
	"objInfo": [	
    "Chart/metainfo/BasicChart.info",
    "Chart/metainfo/BubbleChart.info",
    "Chart/metainfo/ChartAxisControl.info",
    "Chart/metainfo/ChartBasicSeriesControl.info",
    "Chart/metainfo/ChartBoardControl.info",
    "Chart/metainfo/ChartBubbleSeriesControl.info",
    "Chart/metainfo/ChartCategoryAxisControl.info",
    "Chart/metainfo/ChartLegendControl.info",
    "Chart/metainfo/ChartPieSeriesControl.info",
    "Chart/metainfo/ChartRangebarControl.info",
    "Chart/metainfo/ChartTitleControl.info",
    "Chart/metainfo/ChartTooltipControl.info",
    "Chart/metainfo/ChartCrosshairControl.info",
    "Chart/metainfo/ChartSelectionControl.info",
    "Chart/metainfo/ChartClickEventInfo.info",
    "Chart/metainfo/ChartDragEventInfo.info",
    "Chart/metainfo/ChartRangeZoomEventInfo.info",
    "Chart/metainfo/ChartMouseEventInfo.info",
    "Chart/metainfo/PieChart.info",
    "Chart/metainfo/RadarChart.info",
    "Chart/metainfo/ChartRadarCategoryAxisControl.info",
    "Chart/metainfo/ChartRadarValueAxisControl.info",
    "Chart/metainfo/ChartRadarSeriesControl.info",
    "Chart/metainfo/GaugeChart.info",
    "Chart/metainfo/ChartGaugeValueAxisControl.info",
    "Chart/metainfo/ChartGaugeSeriesControl.info",
    "Chart/metainfo/ChartGaugeIndicatorControl.info",
    "Chart/metainfo/AxisChartBase.info",
    "Chart/metainfo/ChartBase.info",
    "Chart/metainfo/SeriesBase.info"
	],
	"scripts": [
    "Chart/Graphics.js",
    "Chart/ChartBase.js",
    "Chart/BasicChart.js",
    "Chart/BubbleChart.js",
    "Chart/PieChart.js",
    "Chart/RadarChart.js",
    "Chart/GaugeChart.js"
	],
	"designscripts": [
    "Chart/Design/DesignGraphics.js",
    "Chart/Design/DesignChartBase.js",
    "Chart/Design/DesignBasicChart.js",
    "Chart/Design/DesignBubbleChart.js",
    "Chart/Design/DesignPieChart.js",
    "Chart/Design/DesignRadarChart.js",
    "Chart/Design/DesignGaugeChart.js"
	],
	"help": "Chart/Help/",
	"resources": ""
}
//# sourceURL=Chart.json
