﻿<?xml version="1.0" encoding="utf-8"?>
<TypeDefinition version="2.3">
  <Modules>
    <Module url="CompBase.json"/>
    <Module url="ComComp.json"/>
    <Module url="Grid.json"/>
    <Module url="DeviceAPI.json"/>
    <Module url="extlib::Chart.json"/>
    <Module url="ListView.json"/>
  </Modules>
  <Components>
    <Component type="JavaScript" id="Button" classname="nexacro.Button"/>
    <Component type="JavaScript" id="Combo" classname="nexacro.Combo"/>
    <Component type="JavaScript" id="Edit" classname="nexacro.Edit"/>
    <Component type="JavaScript" id="MaskEdit" classname="nexacro.MaskEdit"/>
    <Component type="JavaScript" id="TextArea" classname="nexacro.TextArea"/>
    <Component type="JavaScript" id="Static" classname="nexacro.Static"/>
    <Component type="JavaScript" id="Div" classname="nexacro.Div"/>
    <Component type="JavaScript" id="PopupDiv" classname="nexacro.PopupDiv"/>
    <Component type="JavaScript" id="Radio" classname="nexacro.Radio"/>
    <Component type="JavaScript" id="CheckBox" classname="nexacro.CheckBox"/>
    <Component type="JavaScript" id="ListBox" classname="nexacro.ListBox"/>
    <Component type="JavaScript" id="Grid" classname="nexacro.Grid"/>
    <Component type="JavaScript" id="Spin" classname="nexacro.Spin"/>
    <Component type="JavaScript" id="Menu" classname="nexacro.Menu"/>
    <Component type="JavaScript" id="PopupMenu" classname="nexacro.PopupMenu"/>
    <Component type="JavaScript" id="Tab" classname="nexacro.Tab"/>
    <Component type="JavaScript" id="GroupBox" classname="nexacro.GroupBox"/>
    <Component type="JavaScript" id="Calendar" classname="nexacro.Calendar"/>
    <Component type="JavaScript" id="ImageViewer" classname="nexacro.ImageViewer"/>
    <Component type="JavaScript" id="ProgressBar" classname="nexacro.ProgressBar"/>
    <Component type="JavaScript" id="Plugin" classname="nexacro.Plugin"/>
    <Component type="JavaScript" id="Dataset" classname="nexacro.NormalDataset"/>
    <Component type="JavaScript" id="WebBrowser" classname="nexacro.WebBrowser"/>
    <Component type="JavaScript" id="Sketch" classname="nexacro.Sketch" iconindex="50"/>
    <Component type="JavaScript" id="GoogleMap" classname="nexacro.GoogleMap" iconindex="66"/>
    <Component type="JavaScript" id="VideoPlayer" classname="nexacro.VideoPlayer" iconindex="57"/>
    <Component type="JavaScript" id="VirtualFile" classname="nexacro.VirtualFile"/>
    <Component type="JavaScript" id="FileDialog" classname="nexacro.FileDialog"/>
    <Component id="PieChart" classname="nexacro.PieChart" iconindex="81" defaultwidth="0" defaultheight="0" prefixid="PieChart00"/>
    <Component id="BubbleChart" classname="nexacro.BubbleChart" iconindex="82" defaultwidth="0" defaultheight="0" prefixid="BubbleChart00"/>
    <Component id="BasicChart" classname="nexacro.BasicChart" iconindex="80" defaultwidth="0" defaultheight="0" prefixid="BasicChart00"/>
    <Component type="JavaScript" id="FileDownload" classname="nexacro.FileDownload"/>
    <Component type="JavaScript" id="FileUpload" classname="nexacro.FileUpload"/>
    <Component type="JavaScript" id="ListView" classname="nexacro.ListView"/>
    <Component id="RadarChart" classname="nexacro.RadarChart" iconindex="85" defaultwidth="0" defaultheight="0" prefixid="RadarChart00"/>
    <Component type="JavaScript" id="GaugeChart" classname="nexacro.GaugeChart" iconindex="0" defaultwidth="0" defaultheight="0" prefixid="GaugeChart00"/>
  </Components>
  <Services>
    <Service prefixid="theme" type="resource" url="./_resource_/_theme_/" version="0" communicationversion="0"/>
    <Service prefixid="initvalue" type="resource" url="./_resource_/_initvalue_/" version="0" communicationversion="0"/>
    <Service prefixid="imagerc" type="resource" url="./_resource_/_images_/"/>
    <Service prefixid="font" type="resource" url="./_resource_/_font_/" version="0" communicationversion="0"/>
    <Service prefixid="Base" type="form" cachelevel="session" url="./Base/" version="0" communicationversion="0"/>
    <Service prefixid="Sample" type="form" cachelevel="session" url="./Sample/" version="0" communicationversion="0"/>
    <Service prefixid="SvcGetSource" type="file" cachelevel="session" url="./Service/" version="0" communicationversion="0" include_subdir="true"/>
    <Service prefixid="temp" type="form" cachelevel="session" url="./temp/" version="0" communicationversion="0"/>
    <Service prefixid="xcssrc" type="resource" url="./_resource_/_xcss_/"/>
    <Service prefixid="FileSample" type="file" cachelevel="none" url="./FileSample/" version="0" communicationversion="0"/>
  </Services>
  <Protocols/>
  <Update>
    <Os name="Windows" url="./" timeout="30" retry="3" autoupdate="auto" modulepath="C:\Program Files (x86)\nexacro\17\nexacro17lib\" updatetype="server"/>
    <Os name="macOS" url="./" timeout="30" retry="3" autoupdate="auto">
      <Version name="common">
        <Resource type="Theme" file="default.zip" targetpath="./_resource_/_theme_" version="0.0.0.0"/>
        <Resource type="Engine" file="nexacro17lib.zip" version="0.0.0.0"/>
      </Version>
    </Os>
    <Os name="Android" timeout="30" retry="3" autoupdate="auto" url="./">
      <Version name="common" timeout="30" retry="3" autoupdate="auto">
        <Resource type="Theme" file="default.zip" targetpath="./_resource_/_theme_" version="0.0.0.0"/>
        <Resource type="Engine" file="nexacro17lib.zip" version="0.0.0.0"/>
      </Version>
    </Os>
    <Os name="iOS" timeout="30" retry="3" autoupdate="auto" url="./">
      <Version name="common" timeout="30" retry="3" autoupdate="auto">
        <Resource type="Theme" file="default.zip" targetpath="./_resource_/_theme_" version="0.0.0.0"/>
        <Resource type="Engine" file="nexacro17lib.zip" version="0.0.0.0"/>
        <Resource type="Engine" file="Run.zip" version="0.0.0.0"/>
      </Version>
    </Os>
  </Update>
  <Deploy>
    <Os name="Windows"/>
  </Deploy>
</TypeDefinition>
